kind	addr	votes	total	current	proposed
rename	0x800975E4	124	124	TCastToPtr<6CActor>__FP7CEntity	TCastToPtr<6CActor>__FP7CEntity_P6CActor
rename	0x802CACE0	123	123	IsMagnitudeSafe__9CVector3fCFv	IsNormalizable__9CVector3fCFv
rename	0x8009A498	118	118	TCastToPtr<15CCollisionActor>__FP7CEntity	TCastToPtr<15CCollisionActor>__FP7CEntity_P15CCollisionActor
rename	0x8009A000	98	98	TCastToPtr<7CPlayer>__FP7CEntity	TCastToPtr<7CPlayer>__FP7CEntity_P7CPlayer
rename	0x80241954	71	71	LoadTypedefSLdrDamageInfo__FR14SLdrDamageInfoR12CInputStream	LoadTypedefDamageInfo__FR14SLdrDamageInfoR12CInputStream
rename	0x8009A78C	58	58	TCastToPtr<15CScriptWaypoint>__FP7CEntity	TCastToPtr<15CScriptWaypoint>__FP7CEntity_P15CScriptWaypoint
rename	0x80098DA0	42	42	TCastToPtr<16CScriptTeamAiMgr>__FP7CEntity	TCastToPtr<16CScriptTeamAiMgr>__FP7CEntity_P16CScriptTeamAiMgr
rename	0x80239BD4	39	39	LdrToEntityInfo__FRC11CEntityInfoRC20SLdrEditorProperties	LdrToEntityInfo__FR11CEntityInfoRC20SLdrEditorProperties
rename	0x8023ACA0	31	31	LoadEditorTransform__FRC20SLdrEditorProperties	LdrToTransform4f__FRC20SLdrEditorProperties
rename	0x8009802C	28	28	TCastToPtr<9CSandBoss>__FP7CEntity	TCastToPtr<9CSandBoss>__FP7CEntity_P9CSandBoss
rename	0x8009A888	26	26	TCastToPtr<7CWeapon>__FP7CEntity	TCastToPtr<7CWeapon>__FP7CEntity_P7CWeapon
rename	0x8023AAA0	26	26	LoadActorParameters__FRC19SLdrActorParameters	LdrToActorParameters__FRC19SLdrActorParameters
rename	0x800DBB40	23	24	ReflectVulnerabilty__20CDamageVulnerabilityFv	ImmuneRicochetVulnerability__20CDamageVulnerabilityFv
rename	0x80135CF8	23	23	Destroy__22CCollisionActorManagerCFR13CStateManager	Destroy__22CCollisionActorManagerFR13CStateManager
rename	0x80242268	23	23	LoadTypedefSLdrAnimationParameters__FR23SLdrAnimationParametersR12CInputStream	LoadTypedefAnimationSet__FR16SLdrAnimationSetR12CInputStream
rename	0x8000B518	21	21	__vc__11CObjectListCFi	GetObjectByIndex__11CObjectListCFi
rename	0x80097C90	20	20	TCastToPtr<13CGunTurretTop>__FP7CEntity	TCastToPtr<13CGunTurretTop>__FP7CEntity_P13CGunTurretTop
rename	0x80037180	17	17	SetBossParams__13CStateManagerF9TUniqueIdfUi	SetEnergyBarActorInfo__13CStateManagerF9TUniqueIdfi
rename	0x8009A5E8	17	17	TCastToPtr<5CBomb>__FP7CEntity	TCastToPtr<5CBomb>__FP7CEntity_P5CBomb
rename	0x80097584	16	16	TCastToPtr<10CPatterned>__FP7CEntity	TCastToPtr<10CPatterned>__FP7CEntity_P10CPatterned
rename	0x80097A98	16	16	TCastToPtr<16CSporbProjectile>__FP7CEntity	TCastToPtr<16CSporbProjectile>__FP7CEntity_P16CSporbProjectile
rename	0x80097AEC	16	16	TCastToPtr<9CSporbTop>__FP7CEntity	TCastToPtr<9CSporbTop>__FP7CEntity_P9CSporbTop
rename	0x80099DB4	16	16	TCastToPtr<17CScriptAIWaypoint>__FP7CEntity	TCastToPtr<17CScriptAIWaypoint>__FP7CEntity_P17CScriptAIWaypoint
rename	0x80099E5C	16	16	TCastToPtr<13CScriptAIHint>__FP7CEntity	TCastToPtr<13CScriptAIHint>__FP7CEntity_P13CScriptAIHint
rename	0x8009A7E0	16	16	TCastToPtr<15CGameProjectile>__FP7CEntity	TCastToPtr<15CGameProjectile>__FP7CEntity_P15CGameProjectile
rename	0x80097E34	15	15	TCastToPtr<22CSplitterCommandModule>__FP7CEntity	TCastToPtr<22CSplitterCommandModule>__FP7CEntity_P22CSplitterCommandModule
rename	0x80098B54	15	15	TCastToPtr<15CScriptSafeZone>__FP7CEntity	TCastToPtr<15CScriptSafeZone>__FP7CEntity_P15CScriptSafeZone
rename	0x800DB49C	15	15	MakeIgnoreRadius__20CDamageVulnerabilityCFv	MakeImmuneToRadiusDamage__20CDamageVulnerabilityFRC20CDamageVulnerability
rename	0x80037098	14	14	DeliverScriptMsg__13CStateManagerFRC10CScriptMsg	DeliverScriptMsgImmediate__13CStateManagerFRC10CScriptMsg
rename	0x80099388	14	14	TCastToPtr<15CScriptPlatform>__FP7CEntity	TCastToPtr<15CScriptPlatform>__FP7CEntity_P15CScriptPlatform
rename	0x80037038	13	13	SendScriptMsg__13CStateManagerFP7CEntity9TUniqueId20EScriptObjectMessage9TUniqueId	DeliverScriptMsg__13CStateManagerFP7CEntity9TUniqueId20EScriptObjectMessage9TUniqueId
rename	0x80098AAC	13	13	TCastToPtr<12CScriptWater>__FP7CEntity	TCastToPtr<12CScriptWater>__FP7CEntity_P12CScriptWater
rename	0x803125C4	13	13	GetStringIndex__12CStringTableCFPCc	GetStringIndexByName__12CStringTableCFPCc
rename	0x800975B4	12	12	TCastToPtr<13CPhysicsActor>__FP7CEntity	TCastToPtr<13CPhysicsActor>__FP7CEntity_P13CPhysicsActor
rename	0x800996D0	12	12	TCastToPtr<14CScriptGuiMenu>__FP7CEntity	TCastToPtr<14CScriptGuiMenu>__FP7CEntity_P14CScriptGuiMenu
rename	0x80099778	11	11	TCastToPtr<13CScriptEffect>__FP7CEntity	TCastToPtr<13CScriptEffect>__FP7CEntity_P13CScriptEffect
rename	0x8009A1F8	11	11	TCastToPtr<10CGameLight>__FP7CEntity	TCastToPtr<10CGameLight>__FP7CEntity_P10CGameLight
rename	0x804193B0	11	11	gpTweakContents	gpTweakLdrs
rename	0x8000B528	10	10	__vc__11CObjectListFi	GetObjectByIndex__11CObjectListFi
rename	0x80097F30	10	10	TCastToPtr<12CSpacePirate>__FP7CEntity	TCastToPtr<12CSpacePirate>__FP7CEntity_P12CSpacePirate
rename	0x8009856C	10	10	TCastToPtr<20CDigitalGuardianHead>__FP7CEntity	TCastToPtr<20CDigitalGuardianHead>__FP7CEntity_P20CDigitalGuardianHead
rename	0x8023EF3C	10	10	LoadTypedefSLdrEditorProperties__FR20SLdrEditorPropertiesR12CInputStream	LoadTypedefEditorProperties__FR20SLdrEditorPropertiesR12CInputStream
rename	0x803295C8	10	10	EvaluateAt__11CMayaSplineFf	EvaluateAt__11CMayaSplineCFf
rename	0x80036B50	9	9	MaskUIdNumPlayers__13CStateManagerCF9TUniqueId	GetPlayerNumFromUniqueId__13CStateManagerCF9TUniqueId
rename	0x80099628	9	9	TCastToPtr<16CScriptGuiSlider>__FP7CEntity	TCastToPtr<16CScriptGuiSlider>__FP7CEntity_P16CScriptGuiSlider
rename	0x800976A8	8	8	TCastToPtr<16COctapedeSegment>__FP7CEntity	TCastToPtr<16COctapedeSegment>__FP7CEntity_P16COctapedeSegment
rename	0x80097E88	8	8	TCastToPtr<20CSplitterMainChassis>__FP7CEntity	TCastToPtr<20CSplitterMainChassis>__FP7CEntity_P20CSplitterMainChassis
rename	0x8011EA70	8	8	SetOrbitRequestForTarget__7CPlayerF9TUniqueIdQ27CPlayer19EPlayerOrbitRequestR13CStateManager	TryToBreakOrbit__7CPlayerF9TUniqueIdQ27CPlayer16EOrbitBrokenTypeR13CStateManager
rename	0x800422D4	7	7	RayCollideWorld__13CStateManagerFRC9CVector3fRC9CVector3fRC15CMaterialFilterPC6CActor	LineOfSightTest__13CStateManagerCFRC9CVector3fRC9CVector3fRC15CMaterialFilterPC6CActor
rename	0x800977A4	7	7	TCastToPtr<26CScriptFrontEndDataNetwork>__FP7CEntity	TCastToPtr<26CScriptFrontEndDataNetwork>__FP7CEntity_P26CScriptFrontEndDataNetwork
rename	0x8009A024	7	7	TCastToPtr<7CPlayer>__FR7CEntity	TCastToPtr<7CPlayer>__FR7CEntity_P7CPlayer
rename	0x80036F10	6	6	IsMultiplayer__13CStateManagerCFv	IsMultiplayerGame__13CStateManagerCFv
rename	0x8003C840	6	6	ApplyDamageToWorld__13CStateManagerF9TUniqueIdR6CActorRC9CVector3fRC11CDamageInfoRC15CMaterialFilter	ApplyDamageToWorld__13CStateManagerF9TUniqueIdRC6CActorRC9CVector3fRC11CDamageInfoRC15CMaterialFilter
rename	0x80099AC0	6	6	TCastToPtr<17CScriptCoverPoint>__FP7CEntity	TCastToPtr<17CScriptCoverPoint>__FP7CEntity_P17CScriptCoverPoint
rename	0x800DB834	6	6	WeaponHurts__20CDamageVulnerabilityCFRC11CWeaponMode	WeaponHits__20CDamageVulnerabilityCFRC11CWeaponMode
rename	0x8016DDB8	6	6	Rumble__14CRumbleManagerFR13CStateManager11ERumbleFxIdf15ERumblePriority	Rumble__14CRumbleManagerFR13CStateManager11ERumbleFxId15ERumblePriorityf
rename	0x80097CE4	5	5	TCastToPtr<14CGunTurretBase>__FP7CEntity	TCastToPtr<14CGunTurretBase>__FP7CEntity_P14CGunTurretBase
rename	0x80099E08	5	5	TCastToPtr<18CScriptAiJumpPoint>__FP7CEntity	TCastToPtr<18CScriptAiJumpPoint>__FP7CEntity_P18CScriptAiJumpPoint
rename	0x80099F58	5	5	TCastToPtr<12CScriptActor>__FP7CEntity	TCastToPtr<12CScriptActor>__FP7CEntity_P12CScriptActor
rename	0x80135B90	5	5	AddMaterialList__22CCollisionActorManagerFR13CStateManagerRC13CMaterialList	AddMaterialList__22CCollisionActorManagerFR13CStateManagerRC13CMaterialListQ222CCollisionActorManager20EMaterialListOptions
rename	0x8023F13C	5	5	LoadTypedefSLdrActorParameters__FR19SLdrActorParametersR12CInputStream	LoadTypedefActorParameters__FR19SLdrActorParametersR12CInputStream
rename	0x802422A8	5	5	__dt__23SLdrAnimationParametersFv	__dt__16SLdrAnimationSetFv
rename	0x80097750	4	4	TCastToPtr<10CPowerBomb>__FP7CEntity	TCastToPtr<10CPowerBomb>__FP7CEntity_P10CPowerBomb
rename	0x800979F0	4	4	TCastToPtr<18CBoostBallGuardian>__FP7CEntity	TCastToPtr<18CBoostBallGuardian>__FP7CEntity_P18CBoostBallGuardian
rename	0x8009A804	4	4	TCastToPtr<15CGameProjectile>__FR7CEntity	TCastToPtr<15CGameProjectile>__FR7CEntity_P15CGameProjectile
rename	0x800BABF4	4	4	__ct__13CHUDMemoParmsFfbbbib	__ct__13CHUDMemoParmsFfbbbUibbbfQ213CHUDMemoParms9EPriorityQ220CTrilogyAudioManager12EAudioStream
rename	0x800DBB50	4	4	PassThroughVulnerabilty__20CDamageVulnerabilityFv	PassThruVulnerability__20CDamageVulnerabilityFv
rename	0x800DBB60	4	4	ImmuneVulnerabilty__20CDamageVulnerabilityFv	ImmuneVulnerability__20CDamageVulnerabilityFv
rename	0x800EA7FC	4	4	MoveToInOneFrameWR__13CPhysicsActorFRC9CVector3ff	MoveInOneFrameWR__13CPhysicsActorFRC9CVector3ff
rename	0x8014246C	4	4	GetGameMode__10CGameStateCFv	GameMode__10CGameStateFv
rename	0x802CE278	4	4	__nw__FUlPCcPCc	LoadPirateRagDoll__FR13CStateManagerP10CPatternedUsUiffRCQ24rstl21reserved_vector<f,14>
rename	0x80099430	3	3	TCastToPtr<17CScriptPlayerHint>__FP7CEntity	TCastToPtr<17CScriptPlayerHint>__FP7CEntity_P17CScriptPlayerHint
rename	0x8009A0A8	3	3	TCastToPtr<18CIngSnatchingSwarm>__FP7CEntity	TCastToPtr<18CIngSnatchingSwarm>__FP7CEntity_P18CIngSnatchingSwarm
rename	0x8009A348	3	3	TCastToPtr<10CExplosion>__FP7CEntity	TCastToPtr<10CExplosion>__FP7CEntity_P10CExplosion
rename	0x8009A444	3	3	TCastToPtr<17CEnergyProjectile>__FP7CEntity	TCastToPtr<17CEnergyProjectile>__FP7CEntity_P17CEnergyProjectile
rename	0x800DBB70	3	3	NormalVulnerabilty__20CDamageVulnerabilityFv	NormalVulnerability__20CDamageVulnerabilityFv
rename	0x801925A4	3	3	__dt__16CProjectedShadowFv	__dt__15CProjectedModelFv
rename	0x8023B39C	3	3	LoadTypedefSLdrEchoParameters__FR18SLdrEchoParametersR12CInputStream	LoadTypedefEchoParameters__FR18SLdrEchoParametersR12CInputStream
rename	0x80008A1C	2	2	GetMaxSpeed__5CMainFv	IsMaxSpeed__5CMainCFv
rename	0x8000D084	2	2	GetPlayerIndex__7CPlayerCFv	GetPlayerNumber__7CPlayerCFv
rename	0x80041B08	2	2	UpdateActorInSortedLists__13CStateManagerFP6CActor	UpdateActorInSortedLists__13CStateManagerFR6CActor
rename	0x8004BA44	2	2	SetActorLights__6CActorFQ24rstl24auto_ptr<12CActorLights>	SetActorLights__6CActorFRCQ24rstl24auto_ptr<12CActorLights>
rename	0x800714A8	2	2	HasInhabitant__14CScriptTriggerCF9TUniqueId	IsObjectInside__14CScriptTriggerCF9TUniqueId
rename	0x80097554	2	2	TCastToPtr<3CAi>__FP7CEntity	TCastToPtr<3CAi>__FP7CEntity_P3CAi
rename	0x800985C0	2	2	TCastToPtr<16CDigitalGuardian>__FP7CEntity	TCastToPtr<16CDigitalGuardian>__FP7CEntity_P16CDigitalGuardian
rename	0x80098DF4	2	2	TCastToPtr<21CScriptTargetingPoint>__FP7CEntity	TCastToPtr<21CScriptTargetingPoint>__FP7CEntity_P21CScriptTargetingPoint
rename	0x80099040	2	2	TCastToPtr<22CScriptSpecialFunction>__FP7CEntity	TCastToPtr<22CScriptSpecialFunction>__FP7CEntity_P22CScriptSpecialFunction
rename	0x80099820	2	2	TCastToPtr<11CScriptDoor>__FP7CEntity	TCastToPtr<11CScriptDoor>__FP7CEntity_P11CScriptDoor
rename	0x8009A6E4	2	2	TCastToPtr<16CScriptGuiWidget>__FP7CEntity	TCastToPtr<16CScriptGuiWidget>__FP7CEntity_P16CScriptGuiWidget
rename	0x800DBA50	2	2	WeaponHits__20CDamageVulnerabilityCFRC11CWeaponModei	WeaponHurts__20CDamageVulnerabilityCFRC11CWeaponModeQ220CDamageVulnerability13ERadiusDamage
rename	0x800DBBD8	2	2	__ct__20CDamageVulnerabilityFRC20CDamageVulnerabilityPCQ24rstl46pair<11EWeaponType,24CWeaponTypeVulnerability>iUi	__ct__20CDamageVulnerabilityFRC20CDamageVulnerabilityPCQ220CDamageVulnerability13COverridePairiUi
rename	0x800EB9A8	2	2	__ct__13CPhysicsActorF9TUniqueIdRCQ24rstl66basic_string<c,Q24rstl14char_traits<c>,Q24rstl17rmemory_allocator>RC11CEntityInfoUiRC12CTransform4fRC10CModelDataRC13CMaterialListRC6CAABoxRC10SMoverDataRC16CActorParametersRC8StepData	__ct__13CPhysicsActorF9TUniqueIdRCQ24rstl66basic_string<c,Q24rstl14char_traits<c>,Q24rstl17rmemory_allocator>RC11CEntityInfoUiRC12CTransform4fRC10CModelDataRC13CMaterialListRC6CAABoxRC10SMoverDataRC16CActorParametersRC19CPhysicsActorParams
rename	0x80135AEC	2	2	RemoveMaterialList__22CCollisionActorManagerFR13CStateManagerRC13CMaterialList	RemoveMaterialList__22CCollisionActorManagerFR13CStateManagerRC13CMaterialListQ222CCollisionActorManager20EMaterialListOptions
rename	0x80145F8C	2	2	FindEnvironmentVariable__23CGameStateEnvVarManagerFPCc	GetEnvVar__23CGameStateEnvVarManagerCFPCc
rename	0x801461F0	2	2	Set__20CEnvironmentVariableFi	SetValue__16CGameStateEnvVarFi
rename	0x80195E48	2	2	GetCoinLimit__7CGMCoinCFv	GetCoinLimit__13CCoinGameModeCFv
rename	0x801F0308	2	2	__dt__13CRELFileTokenFv	__dt__13CRSOFileTokenFv
rename	0x8023AA64	2	2	LoadEchoParameters__FRC18SLdrEchoParameters	LdrToEchoParameters__FRC18SLdrEchoParameters
rename	0x8031258C	2	2	GetString__12CStringTableCFPCc	GetStringByName__12CStringTableCFPCc
rename	0x80418F4C	2	2	gpTweakPlayerControlsA	gpTweakPlayerControlExpert
unnamed	0x801B73E4	151	151	fn_801B73E4	ShouldRetry__11CTryCommandFRC15CBodyControlleri
unnamed	0x8002BE04	97	97	fn_8002BE04	GetLocatorSegId__9CAnimDataCFRCQ24rstl66basic_string<c,Q24rstl14char_traits<c>,Q24rstl17rmemory_allocator>
unnamed	0x8003E25C	87	87	fn_8003E25C	ApplyDamage__13CStateManagerF9TUniqueId9TUniqueId9TUniqueIdRC11CDamageInfoRC15CMaterialFilterRC9CVector3f
unnamed	0x8023ED24	39	39	fn_8023ED24	__dt__22SLdrPatternedAITypedefFv
unnamed	0x801B8A48	28	28	fn_801B8A48	PathFind__19CPathFindNavigationFR13CStateManager9EStateMsgfR10CPatterned
unnamed	0x8023ACFC	24	24	fn_8023ACFC	LdrToDamageVulnerability__FRC23SLdrDamageVulnerability
unnamed	0x80240690	24	24	fn_80240690	LoadTypedefDamageVulnerability__FR23SLdrDamageVulnerabilityR12CInputStream
unnamed	0x801B8A14	23	23	fn_801B8A14	SetDestination__19CPathFindNavigationFRC9CVector3f
unnamed	0x80240B20	22	22	fn_80240B20	__dt__23SLdrDamageVulnerabilityFv
unnamed	0x8023A1D8	21	21	fn_8023A1D8	LdrToPatternedInfo__FRC22SLdrPatternedAITypedefPC21SLdrIngPossessionData
unnamed	0x8023B67C	20	20	fn_8023B67C	LoadTypedefAudioPlaybackParms__FR22SLdrAudioPlaybackParmsR12CInputStream
unnamed	0x800DF204	18	18	fn_800DF204	__dt__14CPatternedInfoFv
unnamed	0x8041E2E6	17	17	lbl_8041E2E6	kInternalInvalidSfxId__11CSfxManager
unnamed	0x801F55F0	15	15	fn_801F55F0	Update__16CVisualKnowledgeFR13CStateManagerf
unnamed	0x801F585C	15	15	fn_801F585C	SetVisualTarget__16CVisualKnowledgeF9TUniqueId
unnamed	0x8023EDAC	15	15	fn_8023EDAC	__ct__22SLdrPatternedAITypedefFv
unnamed	0x80041E60	13	14	fn_80041E60	AddObject__13CStateManagerFR7CEntity
unnamed	0x801B7C08	12	12	fn_801B7C08	Patrol__19CWaypointNavigationFR13CStateManager9EStateMsgfR10CPatterned
unnamed	0x801BD560	11	12	fn_801BD560	EnableKnockBackPhysics__15CAiKnockBackMgrFb
unnamed	0x8023B838	10	10	fn_8023B838	__ct__22SLdrAudioPlaybackParmsFv
unnamed	0x800B62C4	9	9	fn_800B62C4	GetDamage__11CDamageInfoCFRC20CDamageVulnerability
unnamed	0x8022A2DC	9	9	fn_8022A2DC	SetInUse__13CScriptAIHintFb
unnamed	0x80240CC8	9	9	fn_80240CC8	__ct__23SLdrDamageVulnerabilityFv
unnamed	0x80171970	8	8	fn_80171970	__ct__10CShockWaveF9TUniqueIdRCQ24rstl66basic_string<c,Q24rstl14char_traits<c>,Q24rstl17rmemory_allocator>RC11CEntityInfoRC12CTransform4f9TUniqueIdRC14CShockWaveInfoff
unnamed	0x800DEFA0	7	7	fn_800DEFA0	__dt__21SLdrIngPossessionDataFv
unnamed	0x801F7714	7	7	fn_801F7714	AlignToSurface__17CTerrainAlignmentFR13CPhysicsActorR13CStateManagerRC9CVector3ff
unnamed	0x801F7AE0	7	7	fn_801F7AE0	Update__17CTerrainAlignmentFR13CPhysicsActorR13CStateManagerf
unnamed	0x80240160	7	7	fn_80240160	__dt__18SLdrPlasmaBeamInfoFv
unnamed	0x8041AAB8	7	7	lbl_8041AAB8	skDamageHitTime__10CPatterned
unnamed	0x8023A0B8	6	6	fn_8023A0B8	LdrToModelData__FRC9CVector3fUiRC16SLdrAnimationSetb
unnamed	0x8023BB14	6	6	fn_8023BB14	LoadTypedefBasicSwarmProperties__FR24SLdrBasicSwarmPropertiesR12CInputStream
unnamed	0x802422E4	6	6	fn_802422E4	__ct__16SLdrAnimationSetFv
unnamed	0x8003DD88	5	5	fn_8003DD88	UpdateHealthCause__13CStateManagerFR6CActor9TUniqueIdRC11CWeaponModebb
unnamed	0x800B5FF0	5	5	fn_800B5FF0	MakeScaledForTime__11CDamageInfoCFf
unnamed	0x800EC550	5	5	fn_800EC550	GetInUse__17CScriptCoverPointCF9TUniqueId
unnamed	0x8016BA04	5	5	fn_8016BA04	PredictInterceptPos__15CProjectileInfoFRC9CVector3fRC9CVector3fRC7CPlayerbf
unnamed	0x801EAE84	5	5	fn_801EAE84	PointIsInSafeZone__16CSafeZoneManagerCFRC13CStateManagerRC9CVector3f
unnamed	0x8023FE14	5	5	fn_8023FE14	LoadTypedefPlasmaBeamInfo__FR18SLdrPlasmaBeamInfoR12CInputStream
unnamed	0x8024019C	5	5	fn_8024019C	__ct__18SLdrPlasmaBeamInfoFv
unnamed	0x80037618	4	4	fn_80037618	GenerateParticlePOIMask__13CStateManagerCFPUiPUi
unnamed	0x800DED98	4	4	fn_800DED98	LoadTypedefIngPossessionData__FR21SLdrIngPossessionDataR12CInputStream
unnamed	0x800EC6A8	4	4	fn_800EC6A8	ShouldLandHere__17CScriptCoverPointCFv
unnamed	0x800EDCB4	4	4	fn_800EDCB4	__ct__19CHUDBillboardEffectFRCQ24rstl44optional_object<25TToken<15CGenDescription>>RCQ24rstl49optional_object<30TToken<20CElectricDescription>>9TUniqueIdbRCQ24rstl66basic_string<c,Q24rstl14char_traits<c>,Q24rstl17rmemory_allocator>fRC9CVector3fUiRC6CColorRC9CVector3fRC9CVector3fb
unnamed	0x8014FFF0	4	4	fn_8014FFF0	GetInUse__18CScriptAiJumpPointCF9TUniqueId
unnamed	0x80193E8C	4	4	fn_80193E8C	GetFirstPlayer__15CPlayerListenerCFRC13CStateManager
unnamed	0x801EAF90	4	4	fn_801EAF90	IsObjectInSafeZone__16CSafeZoneManagerCFRC6CActorRC13CStateManager
unnamed	0x801F7540	4	4	fn_801F7540	AlignToPlane__17CTerrainAlignmentFR13CPhysicsActorRC13CUnitVector3ff
unnamed	0x801F778C	4	4	fn_801F778C	GetNearestSurface__17CTerrainAlignmentCFR13CStateManagerRC9CVector3ffR17CCollisionSurface
unnamed	0x801FCE40	4	4	fn_801FCE40	SetupFSM__17CGenericFSM2StateFPC12CGenericFSM2
unnamed	0x8022A2D4	4	4	fn_8022A2D4	GetValueParm__13CScriptAIHintCFv
unnamed	0x80239C0C	4	4	fn_80239C0C	LdrToPowerBombGuardianStageData__FRC36SLdrPowerBombGuardianStageProperties
unnamed	0x8023B86C	4	4	fn_8023B86C	LoadTypedefPowerBombGuardianStageProperties__FR36SLdrPowerBombGuardianStagePropertiesR12CInputStream
unnamed	0x8023BA94	4	4	fn_8023BA94	__dt__36SLdrPowerBombGuardianStagePropertiesFv
unnamed	0x8023FB7C	4	4	fn_8023FB7C	LoadTypedefShockWaveInfo__FR17SLdrShockWaveInfoR12CInputStream
unnamed	0x80241678	4	4	fn_80241678	__ct__14SLdrHealthInfoFv
unnamed	0x8041CB10	4	4	lbl_8041CB10	kInvalidPlayer__15CPlayerListener
unnamed	0x800B6284	3	3	fn_800B6284	GetAbsorbedDamage__11CDamageInfoCFRC20CDamageVulnerability
unnamed	0x800EA17C	3	3	fn_800EA17C	SetCollisionPrimitive__13CPhysicsActorFRC16CCollidableAABox
unnamed	0x800EDFA0	3	3	fn_800EDFA0	GetNearClipDistance__19CHUDBillboardEffectFRC13CStateManagerUi
unnamed	0x800EDFE4	3	3	fn_800EDFE4	GetScaleForPOV__19CHUDBillboardEffectFRC13CStateManager
unnamed	0x801389A0	3	3	fn_801389A0	GetDistanceCompensatedError__10CBurstFireCFff
unnamed	0x8016F874	3	3	fn_8016F874	__ct__14CBouncyGrenadeF9TUniqueIdRCQ24rstl66basic_string<c,Q24rstl14char_traits<c>,Q24rstl17rmemory_allocator>RC11CEntityInfoRC12CTransform4fRC10CModelDataRC16CActorParameters9TUniqueIdfRC18CBouncyGrenadeDatafRC6CAABox9TUniqueIdfUiPC13CMaterialListPC11CHealthInfo
unnamed	0x801F5888	3	3	fn_801F5888	__ct__16CVisualKnowledgeF9TUniqueId6CSegIdff
unnamed	0x801F7E04	3	3	fn_801F7E04	PathFind__26CIngSpotPathFindNavigationFR13CStateManager9EStateMsgfR10CPatterned
unnamed	0x801F867C	3	3	fn_801F867C	Search__20CPathFindPointSearchFRC8CPFPointRC8CPFPoint
unnamed	0x80233E58	3	3	fn_80233E58	GenerateScriptObject__25CScriptObjectLoaderHelperFRC9TEditorIdR13CStateManager
unnamed	0x80239C68	3	3	fn_80239C68	LdrToBasicSwarmData__FRC24SLdrBasicSwarmProperties
unnamed	0x8023AC78	3	3	fn_8023AC78	LdrToAnimationParameters__FRC16SLdrAnimationSet
unnamed	0x8023B55C	3	3	fn_8023B55C	__ct__18SLdrEchoParametersFv
unnamed	0x8023B7FC	3	3	fn_8023B7FC	__dt__22SLdrAudioPlaybackParmsFv
unnamed	0x8023C15C	3	3	fn_8023C15C	__dt__24SLdrBasicSwarmPropertiesFv
unnamed	0x8023C1CC	3	3	fn_8023C1CC	__ct__24SLdrBasicSwarmPropertiesFv
unnamed	0x80241578	3	3	fn_80241578	LoadTypedefHealthInfo__FR14SLdrHealthInfoR12CInputStream
unnamed	0x8024163C	3	3	fn_8024163C	__dt__14SLdrHealthInfoFv
unnamed	0x80410974	3	3	lbl_80410974	skPhysicsActorParams__19CPhysicsActorParams
unnamed	0x80411038	3	3	lbl_80411038	skPassEverything__15CMaterialFilter
unnamed	0x80418FE8	3	3	lbl_80418FE8	skDamageColor__10CPatterned
unnamed	0x800366E4	2	2	fn_800366E4	IsActorVisibleInPortals__13CStateManagerCFRC6CActor
unnamed	0x800372C0	2	2	fn_800372C0	DoCollisionResponse__13CStateManagerFRC22CCollisionResponseDataRC14CRayCastResult9TUniqueIdRC11CDamageInfob
unnamed	0x800DF004	2	2	fn_800DF004	__ct__21SLdrIngPossessionDataFv
unnamed	0x800EC5A0	2	2	fn_800EC5A0	Blown__17CScriptCoverPointCFRC9CVector3f
unnamed	0x800EC6D8	2	2	fn_800EC6D8	GetAttackDirection__17CScriptCoverPointCFv
unnamed	0x80138B8C	2	2	fn_80138B8C	Update__10CBurstFireFR13CStateManagerf
unnamed	0x8017E6EC	2	2	fn_8017E6EC	__ct__23CElectricBeamProjectileFRC28TToken<18CWeaponDescription>11EWeaponTypeRC17CElectricBeamInfoRC12CTransform4f14EMaterialTypesRC11CDamageInfo9TUniqueId7TAreaId9TUniqueIdUi
unnamed	0x801B7E2C	2	2	fn_801B7E2C	Update__19CWaypointNavigationFf
unnamed	0x801E70B0	2	2	fn_801E70B0	LdrToCameraShakerData__FRC20SLdrCameraShakerDataRC9CVector3f
unnamed	0x801EAD38	2	2	fn_801EAD38	PointIsInWhichSafeZone__16CSafeZoneManagerCFRC13CStateManagerRC9CVector3f
unnamed	0x801EAED4	2	2	fn_801EAED4	IsObjectInHurtfulSafeZone__16CSafeZoneManagerCFRC6CActorRC13CStateManager
unnamed	0x801EB1E8	2	2	fn_801EB1E8	RemoveSafeZone__16CSafeZoneManagerFRC9TUniqueId
unnamed	0x801EBB90	2	2	fn_801EBB90	SetAutoReducingDamage__12CEchoEmitterFf
unnamed	0x801F86F4	2	2	fn_801F86F4	FindClosestPhysicalPoint__20CPathFindPointSearchCFRC9CVector3fRiRC26CPathFindPointSearchFilter
unnamed	0x801F8828	2	2	fn_801F8828	__ct__26CPathFindPointSearchFilterFfUii
unnamed	0x801FF280	2	2	fn_801FF280	__ct__17CGenericFSM2StateFv
unnamed	0x802017F0	2	2	fn_802017F0	ApplyGravity__13CBouncingBombFv
unnamed	0x80218920	2	2	fn_80218920	__ct__12CIngSpotDataFUiUiUiUifffffRC20CDamageVulnerabilityUsUsUsUsUs
unnamed	0x8022A2CC	2	2	fn_8022A2CC	GetValueParm2__13CScriptAIHintCFv
unnamed	0x8022A338	2	2	fn_8022A338	GetInUse__13CScriptAIHintCF9TUniqueId
unnamed	0x8022AF0C	2	2	fn_8022af0c__7CPlayerFR13CStateManagerUi9TUniqueIdfi	DisableControls__7CPlayerFR13CStateManagerUi9TUniqueIdfQ29CGameHint14EBreakHintType
unnamed	0x8023B2D0	2	2	fn_8023B2D0	LdrToHealthInfo__FRC14SLdrHealthInfo
unnamed	0x8023E5F4	2	2	fn_8023E5F4	LoadTypedefPatternedAITypedef__FR22SLdrPatternedAITypedefR12CInputStream
unnamed	0x8023F534	2	2	fn_8023F534	__ct__19SLdrActorParametersFv
unnamed	0x8023FD54	2	2	fn_8023FD54	__dt__17SLdrShockWaveInfoFv
unnamed	0x8023FDAC	2	2	fn_8023FDAC	__ct__17SLdrShockWaveInfoFv
unnamed	0x80241378	2	2	fn_80241378	LoadTypedefVector2f__FR12SLdrVector2fR12CInputStream
unnamed	0x80257A14	2	2	fn_80257A14	GetTriangle__23CCollisionPrimitiveDataCFUs
unnamed	0x80418AF0	2	2	lbl_80418AF0	mDepthFar__9CGraphics
unnamed	0x8041A458	2	2	lbl_8041A458	skDefaultHudFadeOutSpeed__7CPlayer
unnamed	0x8041C098	2	2	lbl_8041C098	kInvalidIndex__22CCollisionActorManager
